,isCloudSea,Previous Temperature,Previous Precipitation,Previous Humidity,Previous Pressure,Sunrise Temperature,Sunrise Wind Speed,Sunrise Humidity,Sunrise Pressure,Sunrise Cloud Coverage,Diurnal Temperature Range
0,1.0,5.8,0.0,84.0,1001.4,3.2,0.0,93.0,1003.0,0.0,-2.6
1,1.0,8.9,0.0,91.0,1012.2,9.3,0.8,92.0,1012.4,7.0,0.4
2,1.0,12.1,0.0,87.0,1001.3,10.1,2.4,91.0,1002.7,7.0,-2.0
3,1.0,10.0,0.0,83.0,998.3,7.9,2.5,87.0,998.9,0.0,-2.1
4,1.0,1.7,0.0,100.0,987.3,-0.3,0.0,100.0,989.1,10.0,-2.0
5,1.0,13.6,0.0,93.0,1005.3,10.6,0.8,96.0,1005.4,4.0,-3.0
6,1.0,12.2,0.0,92.0,1002.3,12.1,2.1,92.0,1001.3,0.0,-0.1
7,1.0,13.1,0.0,86.0,1008.7,12.2,0.4,88.0,1008.0,8.0,-0.9
8,1.0,10.7,0.0,86.0,999.4,9.2,1.4,89.0,999.1,9.0,-1.5
9,1.0,9.7,0.0,92.0,1001.6,8.6,0.7,96.0,1000.5,6.0,-1.1
10,1.0,3.7,0.0,38.0,1017.8,1.3,1.4,42.0,1016.5,6.0,-2.4
11,1.0,0.8,0.0,52.0,1018.0,-1.1,1.3,59.0,1016.7,0.0,-1.9
12,1.0,3.5,0.0,73.0,995.5,3.6,0.9,80.0,996.0,10.0,0.1
13,1.0,-0.5,0.0,95.0,1018.8,-2.0,0.1,96.0,1019.2,5.0,-1.5
14,1.0,-3.2,0.0,100.0,990.4,-6.0,0.2,99.0,989.8,6.0,-2.8
15,1.0,-3.3,0.0,88.0,930.6,-4.5,0.7,89.0,931.7,6.0,-1.2
16,1.0,-3.9,0.0,89.0,992.9,-5.2,0.2,96.0,993.0,0.0,-1.3
17,1.0,-3.4,0.0,86.0,986.8,-3.7,2.7,89.0,987.6,9.0,-0.3
18,1.0,-3.3,0.0,88.0,930.6,-4.5,0.7,89.0,931.7,6.0,-1.2
19,1.0,-3.5,0.0,70.0,1000.1,-3.6,1.4,69.0,1001.1,10.0,-0.1
20,1.0,6.6,0.3,92.0,997.3,5.2,4.6,81.0,997.7,10.0,-1.4
21,1.0,-1.7,0.0,74.0,1016.5,-2.2,0.2,74.0,1010.7,10.0,-0.5
22,1.0,-2.0,0.0,89.0,1008.1,-3.5,0.0,91.0,1007.8,1.0,-1.5
23,1.0,-0.9,0.0,89.0,1011.5,-3.3,0.1,91.0,1011.7,0.0,-2.4
24,1.0,0.8,0.0,100.0,994.1,-1.2,0.1,100.0,995.2,0.0,-2.0
25,1.0,2.6,0.0,91.0,1011.5,0.6,0.3,94.0,1012.7,0.0,-2.0
26,1.0,8.7,0.0,76.0,1015.0,6.3,1.6,86.0,1016.2,0.0,-2.4
27,1.0,6.9,0.0,92.0,1006.6,5.9,1.2,96.0,1007.4,0.0,-1.0
28,0.0,7.9,0.0,89.0,1007.0,5.5,0.0,92.0,1005.7,9.0,-2.4
29,1.0,3.1,0.0,82.0,1007.9,0.1,0.0,85.0,1008.3,0.0,-3.0
30,1.0,4.2,0.0,99.0,989.8,1.4,0.0,100.0,990.1,2.0,-2.8
31,1.0,9.0,0.0,91.0,1013.1,5.5,0.0,95.0,1013.2,0.0,-3.5
32,1.0,7.5,0.0,94.0,1012.0,5.7,0.0,95.0,1011.8,6.0,-1.8
33,1.0,3.9,0.0,88.0,1002.6,2.3,0.0,96.0,1004.4,7.0,-1.6
34,1.0,6.2,0.0,82.0,1010.7,2.2,0.3,93.0,1013.1,0.0,-4.0
35,1.0,10.7,0.0,77.0,1001.8,8.8,0.3,82.0,1000.4,8.0,-1.9
36,1.0,15.0,0.0,82.0,999.4,15.1,2.6,67.0,999.9,9.0,0.1
37,1.0,12.8,0.0,94.0,1016.4,10.7,0.0,96.0,1015.9,0.0,-2.1
38,1.0,14.7,0.0,96.0,988.3,13.5,0.1,100.0,987.5,9.0,-1.2
39,1.0,14.4,0.0,93.0,1014.7,12.5,0.4,99.0,1015.1,7.0,-1.9
40,1.0,13.6,0.0,93.0,1005.3,10.6,0.8,96.0,1005.4,4.0,-3.0
41,1.0,14.4,0.0,93.0,1014.7,12.5,0.4,99.0,1015.1,7.0,-1.9
42,1.0,11.1,0.0,94.0,1018.4,10.6,0.0,100.0,1017.7,10.0,-0.5
43,1.0,6.7,0.0,100.0,996.3,7.1,0.0,100.0,996.0,9.0,0.4
44,1.0,7.3,0.0,68.0,990.3,7.0,0.5,73.0,994.1,10.0,-0.3
45,1.0,12.0,0.0,68.0,1013.2,11.4,2.5,80.0,1013.8,3.0,-0.6
46,1.0,9.1,0.0,97.0,992.4,6.1,0.0,100.0,993.3,0.0,-3.0
47,1.0,18.5,0.0,77.0,1006.3,15.3,1.8,85.0,1007.2,0.0,-3.2
48,1.0,19.0,0.0,85.0,1003.9,16.6,1.1,92.0,1003.9,0.0,-2.4
49,1.0,23.6,0.0,93.0,1003.3,23.2,1.4,92.0,1001.4,10.0,-0.4
50,1.0,17.1,0.0,100.0,1014.9,15.7,0.3,100.0,1014.5,0.0,-1.4
51,1.0,16.6,0.0,95.0,1009.1,16.4,0.0,95.0,1010.8,8.0,-0.2
52,1.0,20.3,0.0,89.0,1001.1,18.8,1.3,95.0,1002.4,0.0,-1.5
53,1.0,22.9,0.0,100.0,987.1,23.1,0.0,100.0,987.5,9.0,0.2
54,1.0,20.5,0.5,100.0,1003.0,19.8,0.0,100.0,1003.1,10.0,-0.7
55,1.0,22.7,0.0,100.0,993.4,22.1,0.0,100.0,992.7,10.0,-0.6
56,1.0,22.7,0.0,99.0,1007.0,21.8,0.5,100.0,1007.0,4.0,-0.9
57,1.0,20.7,0.0,100.0,989.7,18.9,0.0,100.0,989.7,9.0,-1.8
58,1.0,27.3,0.0,72.0,1001.2,23.2,0.0,91.0,1001.3,6.0,-4.1
59,1.0,22.7,1.4,94.0,983.1,22.6,0.7,98.0,982.6,10.0,-0.1
60,1.0,22.4,0.0,99.0,984.5,20.4,0.0,100.0,984.5,6.0,-2.0
61,1.0,24.0,0.0,77.0,1004.7,22.4,0.5,83.0,1004.8,9.0,-1.6
62,1.0,8.1,0.0,98.0,1015.6,8.0,0.2,99.0,1016.5,6.0,-0.1
63,1.0,8.1,0.0,98.0,1015.6,8.0,0.2,99.0,1016.5,6.0,-0.1
64,1.0,13.2,0.0,85.0,1002.6,10.8,0.6,92.0,1003.2,6.0,-2.4
65,1.0,13.2,0.0,85.0,1002.6,10.8,0.6,92.0,1003.2,6.0,-2.4
66,1.0,1.2,0.0,95.0,1011.5,-1.2,0.1,99.0,1012.2,0.0,-2.4
67,1.0,3.5,0.0,78.0,1009.0,2.2,1.1,85.0,1010.2,2.0,-1.3
68,1.0,2.6,0.0,76.0,1001.2,1.5,0.0,81.0,1001.8,9.0,-1.1
69,1.0,3.7,0.0,77.0,1010.8,0.5,2.6,86.0,1011.0,3.0,-3.2
70,1.0,-4.3,0.0,49.0,1008.7,-4.9,0.0,57.0,1008.2,10.0,-0.6
71,1.0,16.3,0.0,90.0,994.0,15.6,0.1,98.0,994.1,10.0,-0.7
72,1.0,14.7,0.3,81.0,1008.4,14.8,0.5,81.0,1007.9,6.0,0.1
73,1.0,19.5,0.0,86.0,1006.8,17.4,2.0,93.0,1006.8,0.0,-2.1
74,1.0,19.9,0.0,100.0,1006.0,19.6,0.0,100.0,1005.3,7.0,-0.3
75,1.0,17.8,0.0,95.0,999.5,16.4,1.5,97.0,999.1,1.0,-1.4
76,1.0,20.3,0.0,85.0,1008.1,18.9,0.5,92.0,1008.0,0.0,-1.4
77,1.0,19.0,0.0,96.0,996.9,19.3,0.6,95.0,996.9,6.0,0.3
78,1.0,20.0,0.0,90.0,1000.0,18.1,0.0,94.0,1000.1,10.0,-1.9
79,1.0,19.0,0.0,93.0,995.5,18.5,0.1,94.0,996.1,6.0,-0.5
80,1.0,24.3,0.0,90.0,999.7,23.1,0.2,99.0,999.2,7.0,-1.2
81,1.0,20.7,0.7,95.0,991.1,20.9,0.4,95.0,989.4,10.0,0.2
82,1.0,20.7,0.7,95.0,991.1,20.9,0.4,95.0,989.4,10.0,0.2
83,1.0,18.3,0.0,95.0,990.1,18.4,0.9,91.0,990.8,7.0,0.1
84,1.0,19.6,0.0,100.0,1008.1,17.2,1.1,100.0,1008.6,8.0,-2.4
85,1.0,14.7,0.5,91.0,991.0,13.5,1.3,96.0,991.8,7.0,-1.2
86,1.0,15.5,0.0,94.0,979.6,14.7,0.7,97.0,980.3,7.0,-0.8
87,1.0,13.9,0.0,100.0,1005.4,14.1,0.8,100.0,1005.8,9.0,0.2
88,1.0,13.9,1.0,97.0,994.9,10.9,2.7,91.0,998.0,5.0,-3.0
89,1.0,4.1,0.0,80.0,1003.8,1.4,0.3,91.0,1003.0,6.0,-2.7
90,1.0,6.8,0.0,88.0,1011.7,5.2,0.9,93.0,1011.5,0.0,-1.6
91,1.0,14.7,0.0,49.0,1006.3,12.2,2.4,44.0,1004.0,9.0,-2.5
92,1.0,21.9,0.0,100.0,1006.7,21.8,0.1,100.0,1005.8,10.0,-0.1
93,1.0,20.8,0.0,92.0,1006.8,18.7,0.8,98.0,1006.5,6.0,-2.1
94,1.0,18.9,0.0,97.0,987.8,18.8,0.2,97.0,987.1,7.0,-0.1
95,1.0,12.3,0.0,78.0,1003.2,9.4,2.5,85.0,1003.0,9.0,-2.9
96,1.0,-0.1,0.0,94.0,1019.8,-0.9,0.7,95.0,1020.1,0.0,-0.8
97,1.0,19.4,0.0,97.0,996.7,19.3,0.0,97.0,996.6,0.0,-0.1
98,1.0,17.7,0.0,91.0,1009.7,17.3,0.5,90.0,1009.6,0.0,-0.4
99,1.0,17.5,0.0,96.0,993.9,15.7,0.0,97.0,994.0,0.0,-1.8
100,1.0,4.2,2.0,97.0,1003.4,4.3,0.0,97.0,1000.6,0.0,0.1
101,1.0,19.4,0.0,95.0,986.5,19.1,0.1,96.0,986.5,0.0,-0.3
102,1.0,-3.9,0.0,69.0,1007.2,-3.6,0.0,69.0,1006.4,0.0,0.3
103,1.0,-3.9,0.0,69.0,1007.2,-3.6,0.0,69.0,1006.4,0.0,0.3
104,0.0,8.7,0.0,93.0,1000.4,5.4,0.1,96.0,1000.7,0.0,-3.3
105,1.0,19.0,0.3,96.0,984.3,18.9,0.7,96.0,982.2,8.0,-0.1
106,0.0,18.0,4.6,95.0,1007.2,19.1,2.1,100.0,1003.6,9.0,1.1
107,0.0,15.5,0.0,78.0,1017.6,15.0,0.0,83.0,1015.4,10.0,-0.5
108,0.0,7.1,0.0,84.0,1018.5,4.1,0.3,97.0,1019.1,6.0,-3.0
109,1.0,10.3,0.0,63.0,994.7,11.5,3.5,68.0,995.8,4.0,1.2
110,1.0,12.1,0.0,87.0,1001.3,10.1,2.4,91.0,1002.7,7.0,-2.0
111,1.0,10.0,0.0,83.0,998.3,7.9,2.5,87.0,998.9,0.0,-2.1
112,0.0,10.4,0.0,75.0,1004.1,8.5,0.6,82.0,1004.6,0.0,-1.9
113,0.0,10.4,0.0,75.0,1004.1,8.5,0.6,82.0,1004.6,0.0,-1.9
114,0.0,10.0,0.0,83.0,998.3,7.9,2.5,87.0,998.9,0.0,-2.1
115,0.0,12.6,0.0,61.0,1004.8,9.9,1.7,60.0,1006.3,0.0,-2.7
116,0.0,12.6,0.0,61.0,1004.8,9.9,1.7,60.0,1006.3,0.0,-2.7
117,0.0,8.8,0.0,68.0,1005.8,5.2,0.5,87.0,1005.5,0.0,-3.6
118,0.0,6.1,0.0,85.0,1015.2,2.8,0.3,95.0,1017.2,0.0,-3.3
119,0.0,6.1,0.0,85.0,1015.2,2.8,0.3,95.0,1017.2,0.0,-3.3
120,0.0,7.4,0.0,80.0,1007.8,5.5,2.3,90.0,1009.7,0.0,-1.9
121,1.0,7.4,0.0,80.0,1007.8,5.5,2.3,90.0,1009.7,0.0,-1.9
122,0.0,14.8,0.0,31.0,1010.7,11.0,2.1,40.0,1012.4,7.0,-3.8
123,0.0,14.8,0.0,31.0,1010.7,11.0,2.1,40.0,1012.4,7.0,-3.8
124,0.0,14.8,0.0,31.0,1010.7,11.0,2.1,40.0,1012.4,7.0,-3.8
125,0.0,10.2,0.0,61.0,1019.3,7.7,0.2,73.0,1020.2,6.0,-2.5
126,1.0,9.7,0.0,97.0,1003.1,8.7,1.1,97.0,1002.7,9.0,-1.0
127,0.0,4.6,0.0,52.0,1000.7,-0.2,0.3,80.0,1000.9,0.0,-4.8
128,0.0,4.6,0.0,72.0,1017.4,2.1,0.4,89.0,1017.0,0.0,-2.5
129,0.0,10.7,0.0,45.0,1011.4,6.4,1.3,60.0,1012.0,0.0,-4.3
130,0.0,7.5,0.0,69.0,1014.5,4.6,0.0,91.0,1013.6,0.0,-2.9
131,0.0,7.7,0.0,37.0,1003.3,1.8,1.9,67.0,1003.0,0.0,-5.9
132,0.0,4.2,0.0,46.0,1000.1,3.2,2.5,50.0,1001.1,0.0,-1.0
133,0.0,4.6,0.0,47.0,1007.3,3.2,1.2,68.0,1006.6,3.0,-1.4
134,0.0,8.3,0.0,31.0,1009.6,4.8,3.4,43.0,1012.1,0.0,-3.5
135,0.0,4.6,0.0,47.0,1007.3,3.2,1.2,68.0,1006.6,3.0,-1.4
136,0.0,4.6,0.0,47.0,1007.3,3.2,1.2,68.0,1006.6,3.0,-1.4
137,0.0,5.9,0.0,60.0,1018.3,2.3,1.6,78.0,1018.7,0.0,-3.6
138,0.0,10.1,1.3,91.0,1005.7,9.2,3.9,79.0,1005.7,4.0,-0.9
139,0.0,18.5,0.0,28.0,1011.0,16.2,1.8,20.0,1009.6,7.0,-2.3
140,0.0,10.1,0.0,58.0,1005.1,7.7,1.1,68.0,1004.5,10.0,-2.4
141,0.0,10.7,0.0,69.0,1016.5,6.8,0.6,86.0,1016.8,0.0,-3.9
142,1.0,8.6,0.0,73.0,999.4,4.0,0.4,87.0,1000.3,0.0,-4.6
143,0.0,8.8,0.0,58.0,1018.5,4.9,0.1,79.0,1020.0,0.0,-3.9
144,0.0,9.0,0.0,66.0,1015.2,5.1,0.2,81.0,1014.2,1.0,-3.9
145,0.0,9.9,0.0,52.0,1009.0,8.0,1.3,57.0,1008.7,0.0,-1.9
146,0.0,4.7,0.0,62.0,987.4,0.3,0.0,75.0,987.7,0.0,-4.4
147,0.0,7.5,0.0,86.0,1019.5,4.5,0.0,95.0,1018.2,0.0,-3.0
148,1.0,7.5,0.1,91.0,1017.5,7.6,0.3,93.0,1016.2,6.0,0.1
149,0.0,9.8,0.0,60.0,1006.6,8.5,3.4,44.0,1005.8,5.0,-1.3
150,0.0,7.0,0.0,40.0,1001.5,0.7,1.2,69.0,1002.1,0.0,-6.3
151,1.0,1.9,0.0,89.0,1002.2,-1.3,0.0,95.0,1002.6,0.0,-3.2
152,0.0,-0.2,0.0,72.0,1002.9,-2.4,0.2,86.0,1002.9,7.0,-2.2
153,0.0,-0.2,0.0,72.0,1002.9,-2.4,0.2,86.0,1002.9,7.0,-2.2
154,1.0,12.6,0.0,64.0,1009.2,10.7,1.9,75.0,1009.9,0.0,-1.9
155,1.0,13.5,0.0,68.0,1018.5,9.6,0.6,89.0,1017.2,6.0,-3.9
156,1.0,5.7,0.0,92.0,1017.2,3.5,1.0,98.0,1018.2,0.0,-2.2
157,1.0,7.5,0.0,95.0,1007.3,6.2,2.5,95.0,1007.7,0.0,-1.3
158,0.0,2.9,0.0,64.0,1004.6,-1.4,0.1,80.0,1004.2,0.0,-4.3
159,0.0,1.2,0.0,74.0,1007.7,-2.7,0.0,90.0,1007.4,0.0,-3.9
160,0.0,2.8,0.0,72.0,1026.3,-0.2,0.1,83.0,1026.0,0.0,-3.0
161,0.0,7.6,0.0,29.0,1020.2,3.3,0.0,55.0,1020.0,0.0,-4.3
162,0.0,0.0,0.0,71.0,1010.6,-3.4,0.0,83.0,1010.8,0.0,-3.4
163,0.0,4.7,0.0,64.0,1000.4,2.4,0.0,75.0,998.1,9.0,-2.3
164,1.0,1.7,0.0,45.0,1020.0,-0.1,0.5,62.0,1018.2,0.0,-1.8
165,0.0,-0.6,0.0,66.0,1016.7,-4.2,0.2,79.0,1015.1,0.0,-3.6
166,1.0,1.7,0.0,45.0,1020.0,-0.1,0.5,62.0,1018.2,0.0,-1.8
167,0.0,-3.7,0.0,62.0,1017.3,-6.9,0.5,77.0,1017.5,0.0,-3.2
168,0.0,-4.0,0.0,76.0,1011.6,-6.4,0.0,85.0,1011.8,0.0,-2.4
169,0.0,-1.7,0.0,74.0,1033.9,-4.4,0.3,86.0,1033.5,0.0,-2.7
170,0.0,-4.0,0.0,76.0,1011.6,-6.4,0.0,85.0,1011.8,0.0,-2.4
171,0.0,-1.3,0.0,45.0,1024.4,-2.2,2.3,53.0,1025.4,0.0,-0.9
172,0.0,1.2,0.0,44.0,1022.5,-2.7,0.6,70.0,1024.2,0.0,-3.9
173,0.0,-2.9,0.0,55.0,1016.2,-7.4,0.2,78.0,1017.5,0.0,-4.5
174,0.0,-6.3,0.0,74.0,1009.9,-8.8,0.0,81.0,1009.0,0.0,-2.5
175,0.0,-2.7,0.0,38.0,1011.3,-7.0,0.4,67.0,1013.8,0.0,-4.3
176,0.0,-3.1,0.0,73.0,1008.9,-4.3,0.9,81.0,1009.0,0.0,-1.2
177,0.0,-2.2,0.0,90.0,1006.1,-4.3,0.2,89.0,1005.9,0.0,-2.1
178,0.0,2.7,0.0,75.0,1009.2,-1.3,1.7,70.0,1010.5,0.0,-4.0
179,0.0,5.2,0.0,74.0,1015.4,2.5,0.0,88.0,1016.2,1.0,-2.7
180,0.0,4.0,0.0,65.0,1004.9,0.4,0.0,84.0,1005.8,0.0,-3.6
181,0.0,-2.2,0.0,90.0,1006.1,-4.3,0.2,89.0,1005.9,0.0,-2.1
182,0.0,-5.5,0.0,75.0,937.9,-6.7,0.4,75.0,937.5,0.0,-1.2
183,0.0,1.9,0.0,80.0,1011.9,-0.8,1.2,87.0,1013.3,0.0,-2.7
184,1.0,-4.2,0.0,99.0,989.7,-6.0,0.2,97.0,989.4,0.0,-1.8
185,1.0,4.7,0.0,84.0,1011.2,2.4,1.4,91.0,1012.1,0.0,-2.3
186,1.0,-5.2,0.0,92.0,989.8,-7.4,0.0,95.0,991.2,0.0,-2.2
187,0.0,-7.5,0.0,82.0,1001.6,-10.2,0.0,88.0,1001.0,8.0,-2.7
188,1.0,-1.7,0.0,54.0,1019.4,-4.4,1.5,70.0,1018.8,0.0,-2.7
189,0.0,1.3,0.0,27.0,1009.8,-1.1,2.7,38.0,1010.5,0.0,-2.4
190,0.0,-6.0,0.0,53.0,1011.2,-7.6,1.7,65.0,1010.1,2.0,-1.6
191,0.0,-5.9,0.0,62.0,1023.1,-6.2,0.8,72.0,1021.4,9.0,-0.3
192,0.0,-8.2,0.0,81.0,990.1,-10.9,0.3,89.0,989.1,0.0,-2.7
193,0.0,-2.4,0.0,52.0,1009.7,-3.6,2.2,58.0,1010.1,0.0,-1.2
194,0.0,-10.4,0.0,72.0,1019.6,-13.5,0.0,87.0,1018.6,0.0,-3.1
195,0.0,-9.6,0.0,54.0,1021.6,-11.7,0.7,57.0,1021.4,0.0,-2.1
196,0.0,-6.7,0.0,39.0,1003.8,-8.0,2.4,44.0,1003.9,3.0,-1.3
197,0.0,0.6,0.0,63.0,1002.0,-3.7,0.5,50.0,1001.2,5.0,-4.3
198,1.0,-3.7,0.0,87.0,999.3,-4.0,0.7,85.0,998.2,2.0,-0.3
199,0.0,-3.6,0.0,39.0,1019.6,-10.8,3.7,52.0,1020.5,0.0,-7.2
200,0.0,-6.9,0.0,47.0,1015.0,-13.4,4.4,63.0,1016.0,6.0,-6.5
201,1.0,-3.7,0.0,87.0,999.3,-4.0,0.7,85.0,998.2,2.0,-0.3
202,0.0,-7.7,0.0,53.0,1020.4,-9.5,1.5,63.0,1020.1,0.0,-1.8
203,1.0,-7.7,0.0,53.0,1020.4,-9.5,1.5,63.0,1020.1,0.0,-1.8
204,0.0,-6.1,0.0,66.0,1011.4,-6.4,1.4,51.0,1011.4,0.0,-0.3
205,0.0,2.8,0.0,56.0,1013.7,3.1,6.2,68.0,1012.3,0.0,0.3
206,0.0,-5.7,0.0,69.0,937.1,-6.4,1.8,70.0,937.0,6.0,-0.7
207,1.0,-3.5,0.0,70.0,1000.1,-3.6,1.4,69.0,1001.1,10.0,-0.1
208,0.0,-2.1,0.0,60.0,1001.7,-3.3,5.7,59.0,1002.5,10.0,-1.2
209,0.0,-6.4,0.0,95.0,994.9,-8.5,0.1,96.0,996.6,0.0,-2.1
210,0.0,-2.8,0.0,79.0,1003.2,-1.9,0.4,79.0,1001.6,0.0,0.9
211,1.0,-2.3,0.0,75.0,1005.3,-4.5,1.2,83.0,1006.4,0.0,-2.2
212,1.0,-6.8,0.0,94.0,998.5,-4.8,0.7,94.0,1000.1,9.0,2.0
213,0.0,1.0,2.9,95.0,1003.6,2.0,2.9,98.0,1004.1,10.0,1.0
214,0.0,-2.3,0.0,75.0,1005.3,-4.5,1.2,83.0,1006.4,0.0,-2.2
215,0.0,1.3,0.0,55.0,1019.3,0.8,1.9,56.0,1018.4,0.0,-0.5
216,0.0,-4.5,0.0,80.0,1012.5,-7.4,0.1,87.0,1012.4,10.0,-2.9
217,1.0,-10.4,0.0,80.0,1006.6,-12.2,0.0,82.0,1007.0,2.0,-1.8
218,0.0,-0.8,0.0,29.0,1016.7,-3.1,1.6,29.0,1017.8,0.0,-2.3
219,0.0,1.3,0.0,55.0,1019.3,0.8,1.9,56.0,1018.4,0.0,-0.5
220,0.0,-0.9,0.0,81.0,1022.9,-1.6,0.1,90.0,1021.5,2.0,-0.7
221,0.0,-3.1,0.0,42.0,1027.7,-5.6,1.8,44.0,1027.8,0.0,-2.5
222,0.0,-3.0,0.0,86.0,1029.5,-3.7,0.9,91.0,1027.7,0.0,-0.7
223,0.0,-9.3,0.0,95.0,996.9,-5.7,0.3,95.0,995.5,9.0,3.6
224,0.0,-4.6,0.0,67.0,940.3,-3.6,0.7,65.0,938.7,0.0,1.0
225,0.0,-5.0,0.0,46.0,997.6,-11.5,0.2,75.0,998.0,0.0,-6.5
226,0.0,-5.0,0.0,46.0,997.6,-11.5,0.2,75.0,998.0,0.0,-6.5
227,0.0,-2.5,0.0,69.0,1011.5,1.7,2.4,58.0,1010.0,2.0,4.2
228,0.0,2.4,0.0,47.0,1018.1,2.2,2.3,50.0,1017.2,0.0,-0.2
229,1.0,-4.6,0.0,94.0,1025.6,-5.3,0.4,98.0,1024.7,6.0,-0.7
230,0.0,-2.5,0.0,69.0,1011.5,1.7,2.4,58.0,1010.0,2.0,4.2
231,0.0,-3.8,0.0,90.0,1026.7,-7.0,0.8,95.0,1026.7,0.0,-3.2
232,1.0,0.0,0.0,68.0,1003.4,-1.2,1.5,71.0,1003.2,2.0,-1.2
233,1.0,2.4,0.0,47.0,1018.1,2.2,2.3,50.0,1017.2,0.0,-0.2
234,1.0,0.0,0.0,68.0,1003.4,-1.2,1.5,71.0,1003.2,2.0,-1.2
235,1.0,0.9,0.0,72.0,1018.5,0.8,2.4,62.0,1018.1,7.0,-0.1
236,1.0,2.4,0.0,47.0,1018.1,2.2,2.3,50.0,1017.2,0.0,-0.2
237,0.0,0.9,0.0,72.0,1018.5,0.8,2.4,62.0,1018.1,7.0,-0.1
238,1.0,-2.5,0.0,69.0,1011.5,1.7,2.4,58.0,1010.0,2.0,4.2
239,1.0,-2.5,0.0,69.0,1011.5,1.7,2.4,58.0,1010.0,2.0,4.2
240,0.0,-4.6,0.0,94.0,1025.6,-5.3,0.4,98.0,1024.7,6.0,-0.7
241,1.0,-8.5,0.0,86.0,1005.8,-11.3,0.0,85.0,1005.7,0.0,-2.8
242,0.0,-10.0,0.0,91.0,997.9,-12.8,0.5,93.0,997.8,7.0,-2.8
243,0.0,-8.5,0.0,86.0,1005.8,-11.3,0.0,85.0,1005.7,0.0,-2.8
244,0.0,-4.4,0.0,66.0,1021.0,-3.4,1.1,61.0,1020.3,8.0,1.0
245,1.0,0.1,0.0,70.0,1030.6,-3.6,0.7,88.0,1030.2,0.0,-3.7
247,0.0,0.0,0.0,78.0,1025.0,-1.2,0.5,84.0,1025.6,0.0,-1.2
248,0.0,-8.5,0.0,65.0,1011.3,-9.2,0.8,73.0,1011.4,0.0,-0.7
249,0.0,-8.5,0.0,65.0,1011.3,-9.2,0.8,73.0,1011.4,0.0,-0.7
250,0.0,-8.5,0.0,65.0,1011.3,-9.2,0.8,73.0,1011.4,0.0,-0.7
251,0.0,-16.0,0.0,79.0,1015.2,-17.8,0.0,85.0,1017.1,0.0,-1.8
252,1.0,-4.1,0.0,72.0,1006.4,-8.7,0.4,88.0,1007.1,0.0,-4.6
253,0.0,-14.9,0.0,81.0,1022.3,-16.3,0.2,84.0,1022.6,0.0,-1.4
254,0.0,-13.4,0.0,70.0,1022.0,-15.6,0.8,70.0,1020.6,0.0,-2.2
255,0.0,2.0,0.0,56.0,1010.4,-1.1,0.6,63.0,1011.3,0.0,-3.1
256,0.0,2.0,0.0,56.0,1010.4,-1.1,0.6,63.0,1011.3,0.0,-3.1
257,0.0,2.0,0.0,56.0,1010.4,-1.1,0.6,63.0,1011.3,0.0,-3.1
258,0.0,0.1,0.0,84.0,1019.7,-1.8,0.0,86.0,1019.0,2.0,-1.9
259,1.0,7.0,0.0,55.0,1007.4,4.6,4.2,56.0,1008.1,10.0,-2.4
260,0.0,-2.8,0.0,77.0,988.4,-4.2,1.0,87.0,990.1,0.0,-1.4
261,0.0,-0.2,0.0,66.0,1017.7,-3.5,2.1,50.0,1020.4,7.0,-3.3
262,0.0,8.1,0.0,67.0,1023.6,5.5,3.1,65.0,1024.8,6.0,-2.6
263,0.0,-0.2,0.0,66.0,1017.7,-3.5,2.1,50.0,1020.4,7.0,-3.3
264,0.0,-0.3,0.0,46.0,1015.6,0.3,2.6,64.0,1013.9,9.0,0.6
265,0.0,-6.4,0.0,84.0,995.3,-4.0,0.2,74.0,994.3,10.0,2.4
266,0.0,-1.6,0.0,43.0,1015.9,-5.4,3.4,56.0,1019.0,0.0,-3.8
267,0.0,1.1,0.0,55.0,1011.1,-0.9,2.2,58.0,1011.2,0.0,-2.0
268,1.0,2.9,0.0,60.0,1016.5,5.3,1.5,53.0,1015.1,1.0,2.4
269,0.0,7.6,0.0,23.0,1009.2,5.7,2.6,28.0,1009.8,0.0,-1.9
270,0.0,-2.8,0.0,77.0,988.4,-4.2,1.0,87.0,990.1,0.0,-1.4
271,0.0,1.1,0.0,55.0,1011.1,-0.9,2.2,58.0,1011.2,0.0,-2.0
272,0.0,2.8,0.0,81.0,1016.6,-0.7,0.3,91.0,1017.8,0.0,-3.5
273,0.0,1.9,0.0,71.0,1001.7,-2.4,0.3,86.0,1002.9,0.0,-4.3
274,0.0,7.6,0.0,23.0,1009.2,5.7,2.6,28.0,1009.8,0.0,-1.9
275,0.0,-2.8,0.0,77.0,988.4,-4.2,1.0,87.0,990.1,0.0,-1.4
276,1.0,-2.8,0.0,77.0,988.4,-4.2,1.0,87.0,990.1,0.0,-1.4
277,0.0,12.9,1.7,87.0,1003.8,9.3,2.3,81.0,1004.4,0.0,-3.6
278,0.0,13.0,0.0,92.0,993.7,10.1,0.1,95.0,993.1,3.0,-2.9
279,0.0,7.0,0.0,92.0,1016.9,7.3,0.5,90.0,1016.3,9.0,0.3
280,0.0,5.2,0.0,87.0,1003.9,6.6,0.0,88.0,1002.6,9.0,1.4
281,0.0,5.6,0.0,93.0,1021.6,3.5,0.0,97.0,1021.1,6.0,-2.1
282,0.0,3.5,0.0,87.0,1022.6,1.6,0.3,92.0,1022.3,5.0,-1.9
283,1.0,7.2,0.0,62.0,999.7,2.9,1.1,81.0,999.4,0.0,-4.3
284,0.0,7.2,0.0,62.0,999.7,2.9,1.1,81.0,999.4,0.0,-4.3
285,0.0,7.2,0.0,62.0,999.7,2.9,1.1,81.0,999.4,0.0,-4.3
286,0.0,17.3,19.4,97.0,998.0,10.3,3.6,92.0,1000.6,10.0,-7.0
287,0.0,15.0,0.0,72.0,1015.6,13.0,0.2,88.0,1013.8,0.0,-2.0
288,0.0,9.4,0.0,67.0,1011.4,6.5,0.3,74.0,1011.4,0.0,-2.9
289,0.0,2.9,0.0,78.0,1006.0,0.2,0.0,84.0,1006.4,0.0,-2.7
290,0.0,2.5,0.0,84.0,1006.2,-0.3,0.0,87.0,1006.2,0.0,-2.8
291,0.0,7.0,0.0,56.0,1022.3,6.9,2.9,57.0,1022.4,0.0,-0.1
292,0.0,6.0,0.0,72.0,1014.1,4.4,1.9,75.0,1014.0,0.0,-1.6
293,0.0,1.7,0.0,70.0,1021.1,-0.3,0.1,80.0,1021.1,0.0,-2.0
294,0.0,1.4,0.0,74.0,1021.9,-1.3,0.0,90.0,1022.4,0.0,-2.7
295,0.0,1.1,0.0,77.0,1007.3,-2.2,0.0,84.0,1007.6,0.0,-3.3
296,0.0,6.0,0.0,72.0,1014.1,4.4,1.9,75.0,1014.0,0.0,-1.6
297,0.0,8.3,0.0,32.0,1014.0,5.8,1.5,48.0,1014.6,0.0,-2.5
298,0.0,6.0,0.0,72.0,1014.1,4.4,1.9,75.0,1014.0,0.0,-1.6
299,0.0,5.8,0.0,29.0,1005.7,5.1,4.5,22.0,1006.3,0.0,-0.7
300,0.0,5.6,0.0,49.0,1010.8,2.6,2.4,60.0,1011.5,0.0,-3.0
301,0.0,3.9,0.0,87.0,987.3,2.0,1.9,62.0,988.6,0.0,-1.9
302,0.0,6.4,0.0,84.0,1003.2,3.5,0.0,85.0,1003.4,1.0,-2.9
303,0.0,10.3,0.0,87.0,1021.3,8.4,0.1,93.0,1021.6,7.0,-1.9
304,0.0,9.3,0.0,91.0,1021.8,7.5,0.0,97.0,1022.0,0.0,-1.8
305,0.0,12.7,0.0,73.0,1015.0,11.0,2.6,78.0,1015.3,0.0,-1.7
306,0.0,7.6,0.0,82.0,1009.2,7.8,0.0,80.0,1009.3,9.0,0.2
307,0.0,12.6,0.0,87.0,1017.8,10.3,0.0,92.0,1017.8,0.0,-2.3
308,1.0,12.6,0.0,87.0,1017.8,10.3,0.0,92.0,1017.8,0.0,-2.3
309,0.0,11.9,0.0,76.0,1016.1,10.7,1.6,81.0,1016.5,0.0,-1.2
310,1.0,12.6,0.0,79.0,1017.7,10.0,0.8,92.0,1017.2,0.0,-2.6
311,0.0,12.3,0.0,91.0,1014.9,10.7,0.8,96.0,1013.7,7.0,-1.6
312,0.0,13.9,0.0,83.0,1012.0,13.3,0.7,92.0,1010.6,8.0,-0.6
313,0.0,10.0,0.0,93.0,995.4,9.8,0.8,93.0,994.7,8.0,-0.2
314,1.0,9.6,0.0,79.0,1017.1,6.8,1.9,83.0,1018.1,0.0,-2.8
315,1.0,9.9,0.0,89.0,1001.7,8.8,0.0,90.0,1001.8,9.0,-1.1
316,0.0,15.0,0.0,82.0,999.4,15.1,2.6,67.0,999.9,9.0,0.1
317,0.0,16.5,0.0,75.0,1008.5,13.7,0.8,88.0,1008.7,5.0,-2.8
318,0.0,10.1,0.0,89.0,1002.3,7.9,0.0,90.0,1001.7,4.0,-2.2
319,1.0,10.1,0.0,89.0,1002.3,7.9,0.0,90.0,1001.7,4.0,-2.2
320,1.0,10.1,0.0,89.0,1002.3,7.9,0.0,90.0,1001.7,4.0,-2.2
321,1.0,16.2,0.0,89.0,1010.8,13.8,0.2,94.0,1010.7,9.0,-2.4
322,1.0,12.4,0.0,94.0,1015.8,10.3,0.7,96.0,1015.8,9.0,-2.1
323,1.0,16.5,0.0,75.0,1008.5,13.7,0.8,88.0,1008.7,5.0,-2.8
324,1.0,16.2,0.0,89.0,1010.8,13.8,0.2,94.0,1010.7,9.0,-2.4
325,1.0,14.4,0.0,93.0,1014.7,12.5,0.4,99.0,1015.1,7.0,-1.9
326,0.0,7.7,0.0,94.0,1009.4,6.4,0.0,95.0,1009.0,0.0,-1.3
327,1.0,6.3,0.0,96.0,1001.8,6.2,1.3,94.0,1003.3,10.0,-0.1
328,0.0,8.5,0.0,74.0,1006.3,7.8,2.4,79.0,1009.0,7.0,-0.7
329,1.0,10.8,0.0,92.0,1005.3,7.5,0.0,97.0,1006.6,1.0,-3.3
330,1.0,12.9,0.0,68.0,997.3,12.2,4.3,66.0,996.6,5.0,-0.7
331,0.0,14.8,0.0,79.0,1008.0,11.9,2.9,85.0,1008.2,5.0,-2.9
332,0.0,23.3,0.0,94.0,1010.8,25.5,3.8,77.0,1009.4,8.0,2.2
333,1.0,14.5,0.0,88.0,1001.0,13.0,0.0,94.0,1000.8,7.0,-1.5
334,0.0,15.6,1.1,96.0,991.9,15.2,0.1,98.0,991.6,7.0,-0.4
335,0.0,14.1,0.0,86.0,1013.1,11.8,0.1,94.0,1014.2,1.0,-2.3
336,1.0,19.6,0.0,78.0,1008.4,16.6,0.2,92.0,1009.3,0.0,-3.0
337,1.0,12.7,0.0,94.0,1003.0,10.1,0.5,95.0,1004.1,2.0,-2.6
338,0.0,20.3,0.0,82.0,1006.5,19.0,1.1,85.0,1006.6,0.0,-1.3
339,0.0,12.7,0.0,96.0,993.8,13.2,0.3,94.0,994.6,7.0,0.5
340,0.0,18.1,0.0,94.0,1014.9,16.4,0.0,98.0,1014.0,8.0,-1.7
341,0.0,17.0,0.0,79.0,1010.7,14.7,0.9,90.0,1010.2,9.0,-2.3
342,0.0,11.4,0.0,86.0,996.0,9.3,0.6,96.0,996.6,10.0,-2.1
343,0.0,10.9,0.0,82.0,991.7,8.6,0.1,94.0,992.7,0.0,-2.3
344,0.0,14.5,0.0,56.0,997.8,13.3,3.0,65.0,998.6,7.0,-1.2
345,0.0,13.0,0.0,79.0,1011.5,9.9,0.2,90.0,1013.0,7.0,-3.1
346,0.0,14.7,0.0,72.0,1005.9,12.7,1.1,77.0,1006.3,0.0,-2.0
347,0.0,19.8,0.0,81.0,1004.6,19.5,0.6,82.0,1003.5,8.0,-0.3
348,1.0,12.2,0.0,91.0,1015.4,9.9,0.0,95.0,1014.4,5.0,-2.3
349,1.0,27.0,0.0,68.0,991.2,27.0,3.6,64.0,988.5,10.0,0.0
350,0.0,27.8,0.0,69.0,991.7,26.5,5.7,71.0,991.5,8.0,-1.3
351,1.0,20.4,0.0,100.0,978.8,20.3,0.1,100.0,978.9,9.0,-0.1
352,0.0,21.2,0.0,67.0,1002.1,20.0,1.4,77.0,1000.6,7.0,-1.2
353,0.0,21.0,0.0,60.0,1013.5,21.9,3.1,61.0,1012.4,7.0,0.9
354,0.0,21.0,0.0,60.0,1013.5,21.9,3.1,61.0,1012.4,7.0,0.9
355,0.0,21.9,0.0,82.0,1004.0,20.6,1.3,84.0,1004.2,8.0,-1.3
356,1.0,19.1,0.0,88.0,1000.1,17.5,0.0,91.0,999.0,10.0,-1.6
357,0.0,16.7,0.0,93.0,1000.5,14.9,0.0,93.0,1000.0,8.0,-1.8
358,0.0,13.9,0.0,96.0,989.7,12.8,0.3,98.0,991.8,1.0,-1.1
359,0.0,14.4,0.0,95.0,996.6,14.1,1.2,97.0,997.1,7.0,-0.3
360,0.0,20.2,0.0,75.0,1008.2,17.4,1.3,84.0,1008.5,0.0,-2.8
361,1.0,19.8,0.0,99.0,1010.0,17.5,0.2,99.0,1009.9,0.0,-2.3
362,1.0,19.7,0.0,99.0,1006.8,17.8,0.9,100.0,1008.2,1.0,-1.9
363,0.0,18.3,0.0,86.0,1012.8,15.8,0.0,90.0,1012.4,7.0,-2.5
364,0.0,23.1,0.0,82.0,997.6,18.9,0.6,84.0,998.7,8.0,-4.2
365,0.0,20.7,0.0,89.0,1005.1,18.2,0.4,94.0,1005.1,8.0,-2.5
366,1.0,23.9,0.0,91.0,1004.0,20.5,0.0,99.0,1002.7,3.0,-3.4
367,0.0,23.4,0.0,89.0,974.3,22.3,0.4,96.0,974.8,8.0,-1.1
368,1.0,23.7,0.0,93.0,982.5,21.9,0.4,98.0,983.1,6.0,-1.8
369,0.0,24.5,0.0,88.0,995.4,23.3,1.3,92.0,995.9,9.0,-1.2
370,1.0,26.4,0.0,95.0,977.0,26.2,1.3,87.0,977.0,10.0,-0.2
371,0.0,25.0,0.0,97.0,983.3,24.3,0.5,97.0,983.4,9.0,-0.7
372,0.0,24.8,0.0,96.0,985.4,25.1,0.9,92.0,985.3,9.0,0.3
373,0.0,25.4,0.0,97.0,994.7,23.0,0.0,100.0,992.9,4.0,-2.4
374,0.0,23.5,0.0,79.0,996.6,20.5,0.0,90.0,997.0,6.0,-3.0
375,0.0,25.4,0.0,99.0,997.1,24.6,0.3,99.0,996.8,3.0,-0.8
376,0.0,26.2,0.0,90.0,978.5,24.2,0.6,96.0,978.7,8.0,-2.0
377,0.0,20.3,0.0,95.0,936.0,17.9,0.2,97.0,935.9,0.0,-2.4
378,0.0,25.4,0.0,87.0,1004.9,24.2,1.2,92.0,1004.4,8.0,-1.2
379,0.0,22.2,0.0,94.0,997.2,22.6,0.6,94.0,998.0,4.0,0.4
380,0.0,23.6,6.3,100.0,978.4,20.5,1.4,100.0,979.7,10.0,-3.1
381,0.0,20.8,0.0,97.0,998.3,20.1,1.2,94.0,999.7,8.0,-0.7
382,0.0,22.3,0.0,88.0,991.5,21.5,2.2,90.0,992.9,9.0,-0.8
383,0.0,22.8,0.0,83.0,998.5,22.2,1.2,84.0,997.2,6.0,-0.6
384,0.0,15.8,0.0,92.0,996.8,13.9,0.2,95.0,997.2,1.0,-1.9
385,0.0,16.7,0.0,62.0,996.3,15.6,2.8,67.0,996.5,4.0,-1.1
386,0.0,18.5,0.0,77.0,994.5,14.3,0.2,94.0,995.5,1.0,-4.2
387,1.0,17.5,0.1,94.0,999.9,17.8,1.4,98.0,997.9,8.0,0.3
388,0.0,22.4,0.0,39.0,997.5,18.9,0.2,37.0,997.3,0.0,-3.5
389,0.0,15.9,0.0,71.0,984.1,11.1,0.1,92.0,984.7,1.0,-4.8
390,0.0,19.7,0.0,60.0,1007.8,14.8,0.7,89.0,1007.1,0.0,-4.9
391,0.0,20.9,0.0,56.0,992.1,15.4,0.9,81.0,993.1,0.0,-5.5
392,0.0,16.0,0.0,69.0,991.0,13.6,0.9,72.0,990.6,0.0,-2.4
393,0.0,18.1,0.0,83.0,1002.9,17.3,2.4,83.0,1000.8,0.0,-0.8
394,0.0,16.3,0.0,82.0,1007.6,12.5,0.0,93.0,1007.2,0.0,-3.8
395,0.0,15.6,0.0,80.0,994.0,11.3,0.0,93.0,993.3,0.0,-4.3
396,0.0,12.5,0.0,77.0,999.1,8.2,0.2,92.0,1000.2,0.0,-4.3
397,0.0,12.3,0.0,88.0,991.8,9.5,0.1,96.0,993.5,0.0,-2.8
398,0.0,14.0,0.0,45.0,1012.4,13.0,2.6,51.0,1012.0,10.0,-1.0
399,0.0,9.6,0.0,60.0,996.7,5.2,0.2,85.0,996.3,3.0,-4.4
400,0.0,14.7,0.0,65.0,991.6,7.7,0.4,89.0,992.8,0.0,-7.0
401,0.0,15.0,0.0,56.0,999.2,12.4,2.3,60.0,999.7,0.0,-2.6
402,0.0,18.1,0.0,70.0,1010.3,16.9,0.0,78.0,1008.7,10.0,-1.2
403,1.0,14.2,0.0,82.0,998.3,10.7,1.0,94.0,998.7,3.0,-3.5
404,0.0,14.9,0.0,71.0,1000.9,14.1,1.6,56.0,1002.0,9.0,-0.8
405,0.0,17.8,0.0,74.0,1012.1,13.2,0.0,93.0,1012.4,0.0,-4.6
406,0.0,17.8,0.0,74.0,1012.1,13.2,0.0,93.0,1012.4,0.0,-4.6
407,0.0,20.0,0.0,70.0,1009.0,18.4,1.5,74.0,1009.4,0.0,-1.6
408,1.0,12.5,0.0,79.0,1016.8,8.6,0.0,93.0,1016.8,0.0,-3.9
409,0.0,16.0,0.0,43.0,1009.4,12.8,1.4,49.0,1009.2,0.0,-3.2
410,1.0,12.5,0.0,79.0,1016.8,8.6,0.0,93.0,1016.8,0.0,-3.9
411,0.0,9.0,0.0,85.0,1002.2,4.4,0.2,100.0,1002.4,0.0,-4.6
412,0.0,6.0,0.0,70.0,1000.1,1.1,0.3,99.0,1001.9,0.0,-4.9
413,0.0,7.3,0.0,81.0,1012.2,5.4,0.2,92.0,1011.2,0.0,-1.9
414,0.0,11.6,0.0,65.0,1009.9,10.9,2.5,68.0,1009.3,9.0,-0.7
415,0.0,13.5,0.0,52.0,1010.9,7.5,0.4,75.0,1011.6,0.0,-6.0
416,0.0,10.5,0.0,38.0,1010.6,7.3,0.0,58.0,1010.9,0.0,-3.2
417,0.0,11.3,0.0,52.0,1008.0,7.4,2.3,68.0,1007.7,1.0,-3.9
418,0.0,11.3,0.0,52.0,1008.0,7.4,2.3,68.0,1007.7,1.0,-3.9
419,0.0,11.3,0.0,52.0,1008.0,7.4,2.3,68.0,1007.7,1.0,-3.9
420,0.0,5.4,0.0,62.0,1022.9,1.2,0.5,82.0,1023.3,0.0,-4.2
421,0.0,8.7,0.0,68.0,1017.9,7.3,0.0,70.0,1017.6,0.0,-1.4
422,0.0,9.2,0.0,46.0,1020.5,4.8,0.8,73.0,1020.8,0.0,-4.4
423,0.0,9.2,0.0,46.0,1020.5,4.8,0.8,73.0,1020.8,0.0,-4.4
424,0.0,6.2,0.0,52.0,1017.9,4.1,1.7,75.0,1017.2,0.0,-2.1
425,0.0,10.9,0.0,93.0,1001.7,10.4,0.0,78.0,1004.2,6.0,-0.5
426,0.0,0.8,0.0,86.0,997.4,-2.6,0.1,93.0,1000.0,0.0,-3.4
427,1.0,1.2,0.0,95.0,1011.5,-1.2,0.1,99.0,1012.7,0.0,-2.4
428,1.0,10.0,0.0,50.0,993.0,6.4,6.2,46.0,992.9,0.0,-3.6
429,0.0,16.2,0.0,91.0,1006.1,16.2,6.7,86.0,1005.1,10.0,0.0
430,0.0,9.8,0.0,81.0,999.7,5.0,0.0,89.0,999.9,7.0,-4.8
431,0.0,6.7,0.0,80.0,1016.3,2.8,0.5,93.0,1016.2,1.0,-3.9
432,1.0,3.5,0.0,78.0,1009.0,2.2,1.1,85.0,1010.2,2.0,-1.3
433,0.0,-0.4,0.0,51.0,1011.4,-2.3,1.6,56.0,1010.5,6.0,-1.9
434,0.0,-0.6,0.0,43.0,1009.0,-2.1,1.4,47.0,1010.2,0.0,-1.5
435,0.0,-0.6,0.0,43.0,1009.0,-2.1,1.4,47.0,1010.2,0.0,-1.5
436,0.0,1.5,0.0,38.0,1012.0,0.2,4.3,40.0,1012.9,0.0,-1.3
437,0.0,0.3,0.0,52.0,1007.5,-1.8,1.7,62.0,1007.3,0.0,-2.1
438,0.0,5.3,0.0,76.0,999.2,1.4,3.1,57.0,1001.7,0.0,-3.9
439,0.0,-0.4,0.0,71.0,1002.6,-4.2,0.3,88.0,1002.5,0.0,-3.8
440,0.0,1.0,0.0,71.0,1006.4,-0.6,1.7,60.0,1009.5,0.0,-1.6
441,0.0,1.0,0.0,71.0,1006.4,-0.6,1.7,60.0,1009.5,0.0,-1.6
442,0.0,1.0,0.0,71.0,1006.4,-0.6,1.7,60.0,1009.5,0.0,-1.6
443,1.0,-4.8,0.0,24.0,1012.6,-4.8,4.1,33.0,1012.6,3.0,0.0
444,0.0,2.6,0.0,58.0,1001.7,-0.7,4.3,56.0,1001.2,10.0,-3.3
445,0.0,-2.8,0.0,94.0,936.4,-4.6,0.0,94.0,935.7,1.0,-1.8
446,0.0,2.4,0.0,60.0,1011.1,1.1,2.2,72.0,1010.3,0.0,-1.3
447,0.0,-2.9,0.0,58.0,1007.1,-3.6,0.2,63.0,1006.9,10.0,-0.7
448,0.0,-3.0,0.0,51.0,939.0,-2.8,0.3,53.0,938.9,7.0,0.2
449,0.0,-3.6,0.0,70.0,1005.7,-7.7,0.0,81.0,1006.5,0.0,-4.1
450,0.0,0.2,0.0,77.0,1013.9,-1.7,1.0,78.0,1014.3,0.0,-1.9
451,0.0,-8.0,0.0,61.0,1016.8,-8.4,1.0,65.0,1016.8,0.0,-0.4
452,0.0,-3.0,0.0,43.0,1022.8,-3.3,1.5,33.0,1024.3,0.0,-0.3
453,0.0,-2.2,0.1,85.0,1019.4,-4.5,1.9,85.0,1020.8,5.0,-2.3
454,0.0,-2.2,0.0,65.0,1002.5,-3.9,2.8,68.0,1001.7,8.0,-1.7
455,0.0,-2.9,0.0,41.0,1019.6,-7.0,0.8,59.0,1020.1,0.0,-4.1
456,0.0,-1.7,0.0,32.0,1004.8,-4.5,1.5,45.0,1004.4,0.0,-2.8
457,0.0,-4.7,0.0,55.0,1013.6,-6.8,1.9,64.0,1012.6,0.0,-2.1
458,0.0,2.0,0.0,83.0,1011.4,-1.1,1.8,88.0,1012.8,0.0,-3.1
459,0.0,1.1,0.0,68.0,1018.8,-0.4,0.9,76.0,1017.8,2.0,-1.5
460,0.0,-3.1,0.0,58.0,1017.4,-4.5,1.9,68.0,1016.6,4.0,-1.4
461,0.0,-1.6,0.0,48.0,1003.9,-5.7,0.7,59.0,1005.7,0.0,-4.1
462,0.0,0.8,0.0,64.0,988.7,0.7,2.0,87.0,987.7,9.0,-0.1
463,0.0,-0.7,0.0,71.0,933.6,-1.3,2.7,64.0,931.6,10.0,-0.6
464,0.0,1.8,0.0,62.0,1017.3,3.1,4.3,74.0,1016.7,7.0,1.3
465,0.0,2.6,0.0,75.0,1015.3,1.9,0.2,90.0,1014.5,10.0,-0.7
466,0.0,9.1,0.0,67.0,1018.1,6.7,1.4,82.0,1016.7,1.0,-2.4
467,0.0,-11.6,0.0,63.0,998.6,-14.5,0.3,77.0,1000.0,1.0,-2.9
468,0.0,-8.9,0.0,53.0,1014.4,-9.4,2.1,52.0,1014.8,0.0,-0.5
469,0.0,-9.7,0.0,52.0,997.3,-11.7,1.8,63.0,997.4,4.0,-2.0
470,0.0,-7.6,0.0,51.0,939.0,-8.5,0.4,58.0,937.4,0.0,-0.9
471,0.0,-1.7,0.0,80.0,1004.3,-1.5,0.5,83.0,1003.2,9.0,0.2
472,1.0,-7.6,0.0,79.0,1008.7,-10.0,0.1,85.0,1007.3,0.0,-2.4
473,0.0,-3.4,0.0,70.0,990.1,-8.7,3.3,63.0,992.7,0.0,-5.3
475,0.0,-1.3,0.0,39.0,1007.6,-3.0,4.4,33.0,1009.4,0.0,-1.7
476,0.0,-6.2,0.0,84.0,1005.7,-9.2,0.0,90.0,1005.5,0.0,-3.0
477,0.0,-0.3,0.0,19.0,1016.4,-0.4,2.6,25.0,1014.3,5.0,-0.1
478,0.0,-9.2,0.0,72.0,1010.9,-11.7,0.4,85.0,1010.5,0.0,-2.5
479,0.0,-3.9,0.0,29.0,1018.7,-5.5,3.1,28.0,1019.3,2.0,-1.6
480,0.0,-1.6,0.0,25.0,1019.7,-2.2,4.2,19.0,1019.6,5.0,-0.6
481,0.0,-7.5,0.0,39.0,1027.7,-12.3,0.8,69.0,1028.4,0.0,-4.8
482,0.0,-3.9,0.0,29.0,1018.7,-5.5,3.1,28.0,1019.3,2.0,-1.6
483,0.0,-8.5,0.0,41.0,1021.9,-9.7,0.8,51.0,1022.0,0.0,-1.2
484,0.0,-5.8,0.0,54.0,1027.5,-7.5,0.1,63.0,1027.1,9.0,-1.7
485,0.0,-12.8,0.0,41.0,940.4,-15.6,0.0,56.0,941.0,2.0,-2.8
486,0.0,-10.7,0.0,59.0,1017.7,-13.5,0.0,73.0,1018.2,0.0,-2.8
487,0.0,-5.5,0.0,43.0,1017.2,-7.7,3.5,39.0,1018.5,0.0,-2.2
488,0.0,0.3,0.0,49.0,1015.2,-2.6,3.3,40.0,1017.0,0.0,-2.9
489,0.0,-2.8,0.0,74.0,1025.5,-5.4,0.0,89.0,1025.4,0.0,-2.6
490,0.0,-3.6,1.0,96.0,999.9,0.5,2.1,89.0,1000.3,9.0,4.1
491,0.0,-7.3,0.0,51.0,1015.9,-11.4,4.5,46.0,1018.5,0.0,-4.1
492,0.0,2.0,0.0,60.0,1012.7,1.5,1.5,63.0,1011.2,8.0,-0.5
493,1.0,-2.9,0.0,96.0,1007.7,-4.4,0.6,95.0,1007.6,0.0,-1.5
494,0.0,-13.6,0.0,48.0,1031.2,-14.1,2.6,51.0,1030.6,0.0,-0.5
495,0.0,5.4,0.0,62.0,1010.3,0.2,3.2,48.0,1012.4,0.0,-5.2
496,0.0,3.7,0.0,49.0,1017.8,-1.5,2.6,45.0,1020.5,0.0,-5.2
497,0.0,-3.4,0.0,70.0,990.1,-8.7,3.3,63.0,992.7,0.0,-5.3
498,1.0,1.0,0.0,84.0,1015.8,-2.1,0.0,93.0,1016.6,0.0,-3.1
499,0.0,-0.4,0.0,95.0,999.7,-3.0,0.1,98.0,1000.6,0.0,-2.6
500,0.0,-4.2,0.0,37.0,1023.4,-8.0,1.1,63.0,1024.3,0.0,-3.8
501,0.0,-2.4,0.0,82.0,986.4,-2.5,3.4,59.0,987.5,0.0,-0.1
502,0.0,-4.5,0.0,71.0,931.0,-4.6,2.1,62.0,930.1,6.0,-0.1
503,0.0,-4.2,0.0,37.0,1023.4,-8.0,1.1,63.0,1024.3,0.0,-3.8
504,0.0,2.7,0.0,92.0,1001.5,0.8,4.3,53.0,1003.8,8.0,-1.9
505,0.0,-6.2,0.0,70.0,1012.0,-3.5,0.0,69.0,1010.3,9.0,2.7
506,0.0,-0.9,0.0,37.0,1008.6,-2.8,3.8,40.0,1008.8,0.0,-1.9
507,0.0,-4.5,0.0,52.0,994.3,-9.1,0.0,85.0,994.6,0.0,-4.6
508,1.0,8.0,0.0,59.0,1005.5,7.2,1.7,52.0,1004.8,8.0,-0.8
509,0.0,2.0,0.0,83.0,1026.5,-0.5,0.0,93.0,1027.3,0.0,-2.5
510,0.0,1.9,0.0,60.0,1017.4,0.1,2.2,71.0,1016.9,0.0,-1.8
511,0.0,4.1,0.0,84.0,1002.2,1.5,0.2,84.0,1002.4,10.0,-2.6
512,0.0,-1.4,0.0,79.0,1009.8,-4.3,0.1,80.0,1010.7,0.0,-2.9
513,0.0,-2.9,0.0,96.0,1007.7,-4.4,0.6,95.0,1007.6,0.0,-1.5
514,1.0,3.4,0.0,80.0,1020.0,0.6,0.1,96.0,1020.0,0.0,-2.8
515,0.0,-0.5,0.0,61.0,1024.3,-3.4,1.0,80.0,1024.7,0.0,-2.9
516,0.0,2.6,0.0,76.0,1017.9,1.2,0.6,75.0,1018.3,0.0,-1.4
517,0.0,-1.8,0.0,56.0,1013.1,-2.5,1.4,58.0,1013.2,0.0,-0.7
518,0.0,-2.6,0.0,78.0,1017.8,-4.7,0.0,83.0,1017.4,0.0,-2.1
519,0.0,1.9,0.0,58.0,1025.2,-0.3,1.5,71.0,1024.6,0.0,-2.2
520,0.0,5.2,0.0,75.0,1021.5,3.2,0.1,87.0,1022.8,0.0,-2.0
521,1.0,4.1,0.0,84.0,1002.2,1.5,0.2,84.0,1002.4,10.0,-2.6
522,1.0,5.3,0.0,99.0,988.0,4.9,0.0,100.0,988.5,9.0,-0.4
523,0.0,11.0,0.0,77.0,1008.7,11.0,1.5,80.0,1008.9,0.0,0.0
524,0.0,7.0,0.0,68.0,1014.8,4.1,0.8,84.0,1014.7,0.0,-2.9
525,1.0,1.0,0.0,94.0,1015.6,-0.8,0.1,95.0,1016.7,0.0,-1.8
526,0.0,8.1,0.0,81.0,1013.7,7.4,1.2,87.0,1012.8,7.0,-0.7
527,0.0,4.2,0.0,86.0,1005.7,3.4,1.4,64.0,1006.9,1.0,-0.8
528,1.0,13.2,0.0,68.0,1013.2,11.7,3.5,77.0,1012.1,0.0,-1.5
529,0.0,12.3,0.0,63.0,1011.8,10.3,2.4,73.0,1012.0,0.0,-2.0
530,0.0,10.4,0.0,79.0,1017.8,7.9,0.2,92.0,1017.8,0.0,-2.5
531,0.0,10.4,0.0,79.0,1017.8,7.9,0.2,92.0,1017.8,0.0,-2.5
532,0.0,12.3,0.0,63.0,1011.8,10.3,2.4,73.0,1012.0,0.0,-2.0
533,0.0,4.4,0.0,97.0,990.1,2.2,0.4,100.0,990.0,0.0,-2.2
534,0.0,4.4,0.0,97.0,990.1,2.2,0.4,100.0,990.0,0.0,-2.2
535,0.0,5.5,0.0,93.0,998.8,4.3,1.0,96.0,999.0,0.0,-1.2
536,1.0,8.6,0.0,77.0,1005.5,4.4,0.4,89.0,1004.7,9.0,-4.2
537,0.0,9.9,0.0,80.0,1017.4,8.0,1.3,90.0,1017.0,3.0,-1.9
538,0.0,5.5,0.0,86.0,1007.6,3.5,0.3,87.0,1007.1,10.0,-2.0
539,1.0,5.5,0.0,86.0,1007.6,3.5,0.3,87.0,1007.1,10.0,-2.0
540,1.0,5.5,0.0,86.0,1007.6,3.5,0.3,87.0,1007.1,10.0,-2.0
541,0.0,5.3,0.0,88.0,1007.5,4.6,0.0,90.0,1006.7,9.0,-0.7
542,0.0,5.3,0.0,88.0,1007.5,4.6,0.0,90.0,1006.7,9.0,-0.7
543,0.0,11.8,0.0,60.0,1014.9,10.6,2.2,63.0,1015.2,3.0,-1.2
544,0.0,19.2,0.0,96.0,1011.9,20.7,2.5,89.0,1010.9,3.0,1.5
545,0.0,12.6,0.0,56.0,1009.2,10.6,2.7,56.0,1010.1,0.0,-2.0
546,0.0,9.2,0.0,60.0,1015.5,6.9,0.6,73.0,1016.9,0.0,-2.3
547,0.0,9.1,0.0,67.0,1018.1,6.7,1.4,82.0,1016.7,1.0,-2.4
548,0.0,9.1,0.0,67.0,1018.1,6.7,1.4,82.0,1016.7,1.0,-2.4
549,1.0,9.8,0.0,69.0,1020.2,7.7,0.2,86.0,1018.6,4.0,-2.1
550,0.0,9.1,0.0,67.0,1018.1,6.7,1.4,82.0,1016.7,1.0,-2.4
551,0.0,3.7,0.0,89.0,1008.1,1.2,0.1,93.0,1009.8,0.0,-2.5
552,0.0,9.2,0.0,60.0,1015.5,6.9,0.6,73.0,1016.9,0.0,-2.3
553,0.0,5.2,0.0,91.0,1001.5,2.2,0.3,95.0,1001.9,0.0,-3.0
554,0.0,4.1,0.0,96.0,1000.0,3.4,0.2,100.0,999.5,10.0,-0.7
555,0.0,13.6,0.0,47.0,1011.4,12.6,3.2,42.0,1009.2,8.0,-1.0
556,0.0,2.8,0.0,96.0,1023.3,1.2,0.6,100.0,1023.1,0.0,-1.6
557,0.0,2.1,0.0,77.0,1002.5,-0.6,0.6,89.0,1003.9,0.0,-2.7
558,0.0,10.2,0.0,41.0,1011.2,6.4,3.5,47.0,1013.1,3.0,-3.8
559,0.0,5.4,0.0,39.0,1023.9,2.3,3.9,52.0,1024.8,0.0,-3.1
560,0.0,16.1,0.4,83.0,1004.1,15.8,0.4,83.0,1005.5,3.0,-0.3
561,1.0,23.0,0.0,95.0,1012.4,20.6,0.2,99.0,1011.0,3.0,-2.4
562,0.0,17.6,0.0,98.0,998.0,18.0,0.4,96.0,995.0,10.0,0.4
563,0.0,24.1,0.0,84.0,1010.3,23.2,3.4,87.0,1009.9,8.0,-0.9
564,1.0,18.9,0.0,97.0,1008.2,17.2,0.3,98.0,1009.1,0.0,-1.7
565,1.0,19.5,0.0,86.0,1006.8,17.4,2.0,93.0,1006.8,0.0,-2.1
566,1.0,18.7,0.0,99.0,1008.4,16.7,0.4,100.0,1008.8,0.0,-2.0
567,0.0,20.9,0.0,87.0,1013.1,19.8,1.5,92.0,1012.0,10.0,-1.1
568,0.0,20.8,0.0,74.0,1004.5,19.6,3.1,77.0,1004.0,8.0,-1.2
569,1.0,18.4,0.0,77.0,1013.2,18.1,1.0,81.0,1011.5,10.0,-0.3
570,1.0,17.6,0.0,91.0,1004.9,16.8,0.5,93.0,1003.9,8.0,-0.8
571,0.0,20.9,0.0,76.0,1012.7,19.3,2.0,74.0,1011.9,7.0,-1.6
572,0.0,23.5,0.0,67.0,996.8,20.7,1.6,97.0,994.5,10.0,-2.8
573,1.0,18.5,0.0,87.0,993.6,15.8,1.0,94.0,991.9,3.0,-2.7
574,0.0,20.8,0.0,64.0,1005.1,19.2,1.7,78.0,1003.3,0.0,-1.6
575,0.0,20.8,0.0,64.0,1005.1,19.2,1.7,78.0,1003.3,0.0,-1.6
576,0.0,22.5,0.0,74.0,1006.3,21.4,2.0,74.0,1006.0,8.0,-1.1
577,0.0,21.3,0.0,64.0,1002.0,19.1,0.9,78.0,1002.7,5.0,-2.2
578,1.0,18.8,0.0,89.0,993.9,18.2,0.4,93.0,994.9,6.0,-0.6
579,0.0,19.8,0.0,96.0,1012.8,18.0,0.0,100.0,1011.7,8.0,-1.8
580,0.0,17.8,0.0,90.0,994.6,16.2,1.6,93.0,995.3,5.0,-1.6
581,0.0,18.8,0.0,93.0,988.7,17.0,0.5,92.0,990.2,3.0,-1.8
582,0.0,18.0,0.0,96.0,990.7,17.9,0.3,90.0,991.6,3.0,-0.1
583,0.0,18.8,0.0,95.0,996.8,18.3,0.6,96.0,996.9,10.0,-0.5
584,1.0,20.6,0.0,87.0,1003.4,19.2,1.7,94.0,1004.1,8.0,-1.4
585,1.0,17.1,1.3,96.0,985.3,16.5,1.0,98.0,982.7,10.0,-0.6
586,1.0,20.0,0.0,90.0,1000.0,18.1,0.0,94.0,1000.1,10.0,-1.9
587,0.0,21.1,0.0,55.0,1007.4,19.4,1.6,68.0,1007.7,5.0,-1.7
588,0.0,20.4,0.0,92.0,1004.3,20.1,1.5,92.0,1004.4,5.0,-0.3
589,0.0,24.8,0.0,78.0,1000.1,24.1,2.0,82.0,996.8,9.0,-0.7
590,0.0,22.1,0.0,69.0,997.9,20.7,1.8,74.0,998.0,8.0,-1.4
591,0.0,21.9,0.0,85.0,1000.4,21.0,2.2,77.0,999.8,7.0,-0.9
592,1.0,21.8,0.0,91.0,993.7,19.7,0.1,96.0,995.2,8.0,-2.1
593,0.0,23.8,0.0,66.0,1001.7,21.7,2.3,75.0,1002.9,2.0,-2.1
594,0.0,26.8,0.0,69.0,994.0,24.8,2.0,80.0,993.6,8.0,-2.0
595,0.0,27.5,0.0,75.0,995.6,26.3,1.6,79.0,994.9,7.0,-1.2
596,0.0,25.9,0.0,88.0,999.3,24.4,0.1,93.0,998.2,0.0,-1.5
597,1.0,27.0,0.0,93.0,998.4,25.9,0.1,99.0,998.5,9.0,-1.1
598,1.0,26.3,0.0,98.0,992.6,25.3,1.2,98.0,993.1,3.0,-1.0
599,0.0,26.5,0.0,78.0,993.3,25.3,1.2,77.0,993.5,5.0,-1.2
600,0.0,23.8,0.0,87.0,981.5,22.1,1.6,89.0,981.7,5.0,-1.7
601,0.0,26.3,0.0,78.0,996.1,25.3,3.2,83.0,994.9,0.0,-1.0
602,0.0,25.3,0.0,77.0,1004.1,26.1,1.6,78.0,1003.7,9.0,0.8
603,0.0,23.3,0.0,94.0,993.8,21.6,0.0,95.0,993.3,8.0,-1.7
604,0.0,23.7,0.0,98.0,994.9,21.8,0.2,100.0,995.0,3.0,-1.9
605,0.0,22.0,0.0,98.0,1011.1,21.6,0.0,98.0,1009.4,1.0,-0.4
606,1.0,21.6,0.0,91.0,994.8,20.4,0.3,94.0,994.6,7.0,-1.2
607,0.0,20.5,0.0,60.0,1003.3,19.5,2.7,62.0,1004.2,1.0,-1.0
608,1.0,17.0,0.0,94.0,987.2,15.3,0.7,95.0,988.2,0.0,-1.7
609,1.0,12.8,0.0,89.0,999.5,10.9,2.4,96.0,999.9,0.0,-1.9
610,1.0,12.8,0.0,89.0,999.5,10.9,2.4,96.0,999.9,0.0,-1.9
611,1.0,11.3,0.0,90.0,996.5,9.9,0.1,96.0,996.9,7.0,-1.4
612,1.0,12.8,0.0,89.0,999.5,10.9,2.4,96.0,999.9,0.0,-1.9
613,1.0,15.8,0.0,81.0,991.5,13.7,2.5,90.0,994.0,0.0,-2.1
614,1.0,15.8,0.0,81.0,991.5,13.7,2.5,90.0,994.0,0.0,-2.1
615,1.0,15.8,0.0,81.0,991.5,13.7,2.5,90.0,994.0,0.0,-2.1
616,1.0,16.9,0.0,74.0,1001.8,14.5,0.1,86.0,1002.4,0.0,-2.4
617,1.0,16.9,0.0,74.0,1001.8,14.5,0.1,86.0,1002.4,0.0,-2.4
618,1.0,16.0,0.0,84.0,999.9,14.0,0.8,91.0,1000.4,0.0,-2.0
619,0.0,16.7,0.0,86.0,1000.2,15.1,2.2,77.0,1000.4,5.0,-1.6
620,1.0,11.9,0.0,85.0,982.3,8.8,0.0,94.0,982.0,0.0,-3.1
621,1.0,15.9,0.0,52.0,988.6,7.5,0.4,73.0,991.0,0.0,-8.4
622,1.0,12.6,0.0,93.0,1011.8,12.7,0.7,92.0,1011.0,10.0,0.1
623,1.0,18.1,0.0,54.0,1002.2,11.1,0.6,73.0,1005.0,0.0,-7.0
624,0.0,10.7,0.0,80.0,998.0,9.2,0.7,83.0,996.7,0.0,-1.5
625,1.0,11.9,0.0,70.0,1011.6,12.3,1.2,77.0,1008.3,6.0,0.4
626,1.0,13.9,1.0,97.0,994.9,10.9,2.7,91.0,998.0,5.0,-3.0
627,0.0,7.7,0.0,87.0,1016.3,5.2,0.3,97.0,1016.6,4.0,-2.5
628,0.0,7.7,0.0,87.0,1016.3,5.2,0.3,97.0,1016.6,4.0,-2.5
629,0.0,13.8,0.0,75.0,1010.5,12.6,1.9,66.0,1009.5,7.0,-1.2
630,1.0,12.1,0.0,87.0,1014.6,9.5,0.1,100.0,1014.2,0.0,-2.6
631,0.0,15.3,0.0,65.0,1008.7,12.6,2.2,76.0,1008.9,0.0,-2.7
632,0.0,16.1,0.0,59.0,1016.3,15.1,2.1,44.0,1016.2,8.0,-1.0
633,1.0,16.0,0.0,58.0,1007.9,18.7,4.4,39.0,1006.1,10.0,2.7
634,0.0,11.5,0.0,69.0,1003.9,8.1,0.7,83.0,1004.3,8.0,-3.4
635,1.0,7.9,0.0,76.0,1007.1,6.3,1.0,86.0,1006.8,0.0,-1.6
636,1.0,7.9,0.0,76.0,1007.1,6.3,1.0,86.0,1006.8,0.0,-1.6
637,0.0,9.1,0.0,31.0,1005.6,7.6,2.7,48.0,1005.4,0.0,-1.5
638,1.0,5.6,0.0,81.0,1013.4,2.3,0.1,90.0,1013.3,0.0,-3.3
639,0.0,13.7,0.0,60.0,1008.6,12.7,2.3,53.0,1007.5,9.0,-1.0
640,0.0,14.5,0.0,33.0,1009.5,14.0,6.1,32.0,1008.9,0.0,-0.5
641,0.0,4.8,0.0,88.0,1001.5,1.5,0.2,93.0,1001.3,0.0,-3.3
642,0.0,7.2,0.0,68.0,1012.9,5.2,2.3,77.0,1012.2,1.0,-2.0
643,0.0,4.9,0.0,83.0,1016.7,2.9,0.2,90.0,1017.1,0.0,-2.0
644,0.0,4.3,0.0,65.0,1025.4,3.4,3.0,70.0,1024.5,8.0,-0.9
645,0.0,3.9,0.0,84.0,1025.0,3.7,3.2,86.0,1023.6,8.0,-0.2
646,1.0,7.6,0.0,83.0,1012.5,5.8,1.2,91.0,1013.8,4.0,-1.8
647,1.0,5.3,0.0,83.0,1003.3,2.2,0.4,91.0,1004.1,5.0,-3.1
648,1.0,7.6,0.0,83.0,1012.5,5.8,1.2,91.0,1013.8,4.0,-1.8
649,1.0,7.6,0.0,83.0,1012.5,5.8,1.2,91.0,1013.8,4.0,-1.8
650,0.0,7.6,0.0,83.0,1012.5,5.8,1.2,91.0,1013.8,4.0,-1.8
651,0.0,7.5,0.4,73.0,992.7,4.9,3.0,70.0,997.9,10.0,-2.6
652,0.0,7.7,0.1,88.0,1005.0,6.9,0.6,88.0,1002.2,9.0,-0.8
653,0.0,7.7,0.1,88.0,1005.0,6.9,0.6,88.0,1002.2,9.0,-0.8
654,0.0,7.2,0.0,50.0,1016.1,4.5,3.9,62.0,1017.2,6.0,-2.7
655,0.0,8.2,0.0,41.0,1021.6,4.9,2.0,61.0,1023.2,3.0,-3.3
656,0.0,0.4,0.0,38.0,1012.6,-2.1,2.6,42.0,1015.0,0.0,-2.5
657,0.0,10.5,0.0,15.0,1007.4,4.3,3.4,25.0,1011.5,5.0,-6.2
658,1.0,10.1,0.0,70.0,1000.2,8.2,0.9,76.0,999.9,0.0,-1.9
659,0.0,4.7,0.0,78.0,994.9,5.0,1.4,76.0,993.6,0.0,0.3
660,1.0,4.7,0.0,78.0,994.9,5.0,1.4,76.0,993.6,0.0,0.3
661,1.0,4.7,0.0,78.0,994.9,5.0,1.4,76.0,993.6,0.0,0.3
662,1.0,6.4,0.0,45.0,995.8,6.9,3.0,60.0,993.0,0.0,0.5
663,0.0,-1.8,0.0,46.0,1011.9,-3.1,4.4,55.0,1010.9,0.0,-1.3
664,1.0,-9.2,0.0,47.0,1009.9,-10.4,3.0,49.0,1010.4,0.0,-1.2
665,1.0,8.2,0.0,60.0,1000.2,5.3,1.7,87.0,998.3,10.0,-2.9
666,1.0,8.6,0.6,96.0,991.8,8.5,3.1,76.0,989.7,9.0,-0.1
667,1.0,-1.9,0.0,78.0,1002.2,-4.5,0.1,85.0,1002.5,0.0,-2.6
668,0.0,-0.8,0.0,75.0,1006.8,-3.6,0.1,89.0,1007.2,0.0,-2.8
669,1.0,3.8,0.0,74.0,1014.1,1.7,1.6,82.0,1014.2,6.0,-2.1
670,0.0,-0.8,0.0,82.0,1022.6,-2.6,0.2,92.0,1023.0,10.0,-1.8
671,1.0,4.5,0.0,85.0,1015.5,2.0,0.8,87.0,1015.1,0.0,-2.5
672,0.0,-0.3,0.0,70.0,1016.5,-0.7,1.5,77.0,1014.7,7.0,-0.4
673,0.0,-0.3,0.0,70.0,1016.5,-0.7,1.5,77.0,1014.7,7.0,-0.4
674,0.0,-2.5,0.0,49.0,937.8,-1.5,1.3,49.0,937.3,0.0,1.0
675,0.0,-3.4,0.0,63.0,1007.7,-5.1,0.5,71.0,1006.7,0.0,-1.7
676,0.0,-4.7,0.0,49.0,1019.4,-5.9,0.7,60.0,1018.6,0.0,-1.2
677,0.0,2.8,0.0,40.0,1003.8,-1.6,3.3,57.0,1005.1,0.0,-4.4
678,0.0,-2.6,0.0,58.0,1014.4,-4.4,2.1,55.0,1014.9,0.0,-1.8
679,1.0,4.4,0.0,91.0,999.1,3.3,1.1,82.0,999.2,0.0,-1.1
680,1.0,8.9,0.0,76.0,1007.0,7.4,2.0,71.0,1007.8,8.0,-1.5
681,0.0,6.9,0.0,44.0,1008.8,6.3,3.2,59.0,1007.3,0.0,-0.6
682,0.0,0.0,3.4,96.0,1009.9,-5.5,3.6,55.0,1014.9,0.0,-5.5
683,0.0,0.0,3.4,96.0,1009.9,-5.5,3.6,55.0,1014.9,0.0,-5.5
684,0.0,-4.6,0.0,53.0,940.3,-8.6,0.5,77.0,942.7,7.0,-4.0
685,1.0,-0.5,0.0,77.0,1002.0,-1.4,0.7,80.0,998.7,9.0,-0.9
686,1.0,-3.5,0.0,64.0,1018.6,-4.2,0.4,72.0,1018.2,8.0,-0.7
687,1.0,-1.6,0.0,99.0,943.0,-3.9,0.2,98.0,943.3,7.0,-2.3
688,1.0,1.7,0.0,84.0,1011.4,-0.4,1.7,66.0,1014.0,7.0,-2.1
689,0.0,6.1,0.0,63.0,1012.8,3.8,3.6,74.0,1013.6,4.0,-2.3
690,0.0,-5.6,0.0,41.0,1021.6,-6.4,2.4,54.0,1021.6,0.0,-0.8
691,0.0,-0.3,0.0,31.0,1015.6,-3.5,1.9,43.0,1018.6,0.0,-3.2
692,1.0,13.2,0.0,63.0,1004.1,5.5,2.6,43.0,1006.1,5.0,-7.7
693,0.0,-16.0,0.0,41.0,929.5,-14.9,2.6,37.0,929.0,1.0,1.1
694,0.0,-9.2,0.0,53.0,1025.1,-11.8,1.2,67.0,1023.2,0.0,-2.6
695,0.0,-6.6,0.0,36.0,941.4,-7.9,0.9,38.0,941.6,0.0,-1.3
696,0.0,-6.6,0.0,45.0,1021.5,-8.8,1.0,53.0,1022.6,0.0,-2.2
697,0.0,-3.2,0.0,71.0,1014.4,-5.5,2.1,66.0,1015.4,0.0,-2.3
698,0.0,-8.7,0.0,89.0,1022.7,-9.2,1.6,83.0,1022.3,0.0,-0.5
699,0.0,-13.2,0.0,51.0,1023.9,-14.7,0.6,63.0,1024.2,0.0,-1.5
700,0.0,-7.4,0.0,43.0,1012.8,-7.8,2.3,42.0,1013.9,0.0,-0.4
701,1.0,0.0,0.0,77.0,998.9,-3.7,3.4,59.0,999.2,10.0,-3.7
702,1.0,-1.2,0.0,83.0,1006.1,-1.3,0.0,87.0,1005.8,9.0,-0.1
703,1.0,-0.7,0.0,41.0,999.2,0.0,2.6,52.0,999.0,10.0,0.7
704,1.0,-6.8,0.0,58.0,936.7,-2.5,1.2,69.0,936.0,9.0,4.3
705,0.0,-10.3,0.0,92.0,995.6,-11.8,0.0,92.0,994.9,1.0,-1.5
706,0.0,-4.6,0.0,57.0,1022.1,-7.3,1.5,58.0,1022.8,0.0,-2.7
707,0.0,-9.3,0.0,58.0,1019.9,-10.6,1.8,50.0,1019.9,0.0,-1.3
708,0.0,4.4,0.0,79.0,1008.4,0.6,1.2,62.0,1009.3,4.0,-3.8
709,0.0,-3.2,0.0,79.0,1011.5,-4.9,0.0,88.0,1010.6,0.0,-1.7
710,1.0,5.9,0.0,62.0,1005.9,3.0,1.9,66.0,1007.5,0.0,-2.9
711,1.0,13.6,0.0,64.0,1008.3,12.5,2.3,63.0,1009.3,8.0,-1.1
712,1.0,7.4,0.0,36.0,1017.2,4.7,3.8,35.0,1018.5,0.0,-2.7
713,0.0,6.6,0.0,76.0,1001.8,11.6,2.9,62.0,1001.9,0.0,5.0
714,1.0,7.8,0.0,93.0,1020.5,8.7,0.3,92.0,1019.6,10.0,0.9
715,0.0,4.3,0.0,92.0,1004.6,3.0,0.9,94.0,1004.4,0.0,-1.3
716,1.0,5.4,0.0,80.0,1016.7,2.5,0.2,96.0,1016.8,0.0,-2.9
717,1.0,5.7,0.0,92.0,1006.6,3.1,0.0,96.0,1007.8,0.0,-2.6
718,1.0,17.8,0.0,94.0,994.0,15.8,0.1,96.0,995.2,4.0,-2.0
719,1.0,23.9,0.0,82.0,984.7,23.0,1.6,86.0,984.5,10.0,-0.9
720,0.0,17.2,0.0,91.0,984.3,14.9,0.1,95.0,985.3,0.0,-2.3
721,0.0,13.0,0.0,80.0,1004.9,12.4,1.1,80.0,1005.2,9.0,-0.6
722,1.0,16.9,0.0,95.0,989.2,15.1,0.2,96.0,989.0,9.0,-1.8
723,0.0,-2.0,0.0,69.0,1023.9,-6.1,1.0,90.0,1023.2,0.0,-4.1
724,1.0,1.3,0.0,66.0,1001.3,1.4,2.4,61.0,1001.4,8.0,0.1
725,1.0,7.0,12.0,96.0,976.0,5.3,2.6,87.0,977.9,10.0,-1.7
726,1.0,-3.9,0.0,91.0,1010.4,-4.5,0.0,93.0,1009.6,7.0,-0.6
727,1.0,-5.0,0.0,85.0,1006.7,-4.2,0.2,82.0,1005.2,1.0,0.8
728,0.0,-3.0,0.0,41.0,998.6,-8.1,1.7,53.0,1005.0,0.0,-5.1
729,0.0,13.1,0.0,40.0,1010.3,11.5,0.7,50.0,1009.5,0.0,-1.6
730,0.0,-9.5,0.0,73.0,1007.2,-13.2,0.1,82.0,1008.1,0.0,-3.7
731,0.0,-1.7,0.0,64.0,1014.1,-6.8,0.2,85.0,1014.9,10.0,-5.1
732,0.0,-9.8,0.0,65.0,1009.8,-13.4,0.5,79.0,1008.9,0.0,-3.6
733,1.0,-8.0,0.0,65.0,1013.9,-7.5,0.7,69.0,1013.2,0.0,0.5
734,1.0,-3.4,0.0,54.0,1027.9,-6.4,0.0,65.0,1028.0,0.0,-3.0
735,0.0,9.4,0.0,84.0,1014.8,7.4,0.4,90.0,1014.3,0.0,-2.0
736,1.0,17.5,0.0,97.0,992.6,16.1,0.1,98.0,989.9,7.0,-1.4
737,0.0,16.4,0.0,97.0,994.4,14.9,0.3,98.0,994.6,0.0,-1.5
738,0.0,-8.3,0.0,68.0,1003.1,-10.3,0.4,74.0,1002.8,0.0,-2.0
739,1.0,-2.0,0.0,71.0,1006.5,-1.1,0.8,61.0,1007.3,0.0,0.9
740,1.0,16.2,0.0,98.0,999.0,14.0,0.0,98.0,998.1,0.0,-2.2
741,1.0,19.8,0.0,74.0,1004.2,18.1,2.9,86.0,1004.6,3.0,-1.7
742,1.0,14.4,0.0,72.0,992.6,8.7,0.2,96.0,993.3,0.0,-5.7
743,0.0,0.8,0.0,38.0,1010.9,-1.3,6.2,43.0,1012.1,0.0,-2.1
744,0.0,9.0,0.0,88.0,1016.5,9.8,0.2,89.0,1016.8,0.0,0.8
745,0.0,21.9,0.0,60.0,1001.6,20.5,2.4,63.0,1001.3,1.0,-1.4
746,1.0,19.4,0.0,97.0,996.7,19.3,0.0,97.0,996.6,0.0,-0.1
747,0.0,23.8,0.5,92.0,1011.5,23.4,0.3,94.0,1011.1,0.0,-0.4
748,0.0,-4.2,0.0,51.0,997.5,-7.9,0.8,74.0,998.9,0.0,-3.7
749,1.0,1.8,0.0,89.0,1008.3,-1.6,0.5,81.0,1008.5,0.0,-3.4
750,1.0,2.5,0.0,58.0,1006.7,2.2,2.2,61.0,1005.9,0.0,-0.3
751,0.0,2.5,0.0,58.0,1006.7,2.2,2.2,61.0,1005.9,0.0,-0.3
752,1.0,-7.4,0.0,42.0,938.3,-6.9,1.3,37.0,935.7,0.0,0.5
753,1.0,-5.6,0.0,42.0,994.6,-10.3,0.1,77.0,993.5,0.0,-4.7
754,0.0,5.2,0.0,30.0,1018.8,1.6,0.7,55.0,1019.2,6.0,-3.6
755,0.0,-0.9,0.0,40.0,999.7,-3.3,1.3,53.0,1000.0,0.0,-2.4
756,1.0,4.5,0.0,78.0,1001.3,9.0,3.9,75.0,1001.3,0.0,4.5
757,0.0,0.7,0.0,84.0,1010.0,0.7,2.7,86.0,1007.6,0.0,0.0
758,0.0,-2.4,0.0,84.0,1008.2,-5.7,0.8,93.0,1007.8,0.0,-3.3
759,0.0,-2.4,0.0,84.0,1008.2,-5.7,0.8,93.0,1007.8,0.0,-3.3
760,1.0,8.5,0.0,98.0,1009.3,9.1,0.0,97.0,1008.8,0.0,0.6
761,1.0,8.3,0.0,94.0,997.9,6.6,1.6,98.0,997.0,0.0,-1.7
762,0.0,6.7,0.0,93.0,1001.3,4.8,1.2,96.0,1001.3,0.0,-1.9
763,1.0,14.1,0.0,75.0,1006.2,10.9,0.2,69.0,1009.2,0.0,-3.2
764,1.0,15.1,0.0,94.0,1004.8,12.3,0.4,93.0,1007.1,0.0,-2.8
765,1.0,17.7,0.0,91.0,1009.7,17.3,0.5,90.0,1009.6,0.0,-0.4
766,1.0,19.5,0.0,93.0,992.7,18.8,0.0,94.0,992.2,0.0,-0.7
767,1.0,17.7,0.0,95.0,1008.1,16.4,0.7,96.0,1006.2,6.0,-1.3
768,0.0,13.6,0.0,95.0,998.7,12.2,0.0,96.0,999.1,0.0,-1.4
769,0.0,12.4,0.0,35.0,1008.8,4.5,0.9,77.0,1009.4,0.0,-7.9
770,1.0,19.4,0.0,69.0,1007.7,15.8,1.2,86.0,1007.0,0.0,-3.6
771,1.0,8.1,0.0,58.0,996.4,1.0,0.0,93.0,998.4,0.0,-7.1
772,0.0,-6.8,0.0,82.0,1014.2,-9.5,0.0,93.0,1013.8,0.0,-2.7
773,1.0,4.2,2.0,97.0,1003.4,4.3,0.0,97.0,1000.6,0.0,0.1
774,0.0,-3.9,0.0,41.0,1014.3,-4.3,2.1,51.0,1013.8,0.0,-0.4
775,0.0,-1.5,0.0,94.0,1005.6,0.0,0.0,93.0,1003.9,0.0,1.5
776,0.0,2.9,0.0,91.0,1007.9,0.3,0.0,94.0,1008.7,0.0,-2.6
777,0.0,15.5,0.2,86.0,1011.5,14.7,4.4,91.0,1011.3,10.0,-0.8
778,1.0,15.5,0.0,86.0,1015.6,12.9,1.1,92.0,1015.9,3.0,-2.6
779,1.0,17.3,0.0,83.0,992.3,16.4,1.7,88.0,989.7,0.0,-0.9
780,1.0,17.5,0.0,96.0,996.8,16.2,0.0,97.0,997.1,0.0,-1.3
781,0.0,5.5,0.0,63.0,935.4,1.1,4.2,93.0,937.5,0.0,-4.4
782,0.0,1.6,0.0,84.0,1004.0,-1.3,0.0,95.0,1002.4,0.0,-2.9
783,0.0,-7.0,0.0,87.0,1009.7,-9.3,0.0,93.0,1008.9,0.0,-2.3
784,0.0,-9.9,0.0,91.0,992.2,-9.8,0.3,91.0,991.9,0.0,0.1
785,0.0,-1.9,0.0,71.0,1010.6,-4.3,0.4,81.0,1010.8,0.0,-2.4
786,1.0,5.4,0.0,68.0,994.2,3.7,3.6,68.0,995.3,0.0,-1.7
787,0.0,0.8,0.0,63.0,993.0,0.2,3.7,62.0,991.1,0.0,-0.6
788,1.0,21.7,0.0,89.0,988.2,22.0,1.9,80.0,987.2,0.0,0.3
789,0.0,2.2,1.5,91.0,998.1,2.0,0.0,93.0,995.2,0.0,-0.2
790,1.0,-2.3,0.0,71.0,1010.1,-3.2,0.0,71.0,1008.0,0.0,-0.9
791,0.0,1.8,0.0,88.0,1003.6,2.5,1.5,87.0,998.7,0.0,0.7
792,0.0,2.7,0.0,43.0,1018.4,0.2,0.8,54.0,1018.6,0.0,-2.5
793,1.0,26.3,0.0,91.0,990.9,22.2,0.0,96.0,991.1,0.0,-4.1
794,1.0,21.6,0.0,97.0,989.8,21.1,0.0,97.0,989.3,0.0,-0.5
795,0.0,13.9,0.0,59.0,987.3,12.1,0.2,68.0,988.0,0.0,-1.8
796,1.0,13.5,0.0,95.0,995.7,13.6,0.0,95.0,994.5,0.0,0.1
797,0.0,-0.4,0.0,57.0,926.2,-2.2,2.9,64.0,923.2,0.0,-1.8
798,0.0,22.5,0.0,94.0,998.6,21.9,0.2,99.0,997.8,0.0,-0.6
799,0.0,-4.5,2.3,89.0,1009.4,-7.0,3.1,82.0,1011.3,9.0,-2.5
800,0.0,-11.3,0.0,73.0,998.1,-13.2,0.9,81.0,999.0,0.0,-1.9
801,1.0,24.0,0.0,90.0,990.1,24.1,0.0,90.0,989.8,0.0,0.1
802,0.0,-10.8,0.0,89.0,941.9,-13.1,0.3,87.0,941.8,0.0,-2.3
803,0.0,-4.5,0.0,61.0,1008.7,-7.0,0.6,72.0,1008.7,0.0,-2.5
804,0.0,8.5,0.0,76.0,1015.7,7.7,0.3,85.0,1015.7,0.0,-0.8
805,0.0,-5.0,0.0,73.0,1009.7,-5.8,0.0,83.0,1009.7,0.0,-0.8
